SKU,Name,Stock,Price
TYR-MRF-1556514,MRF ZVTV 155/65 R14 Tubeless,12,4200
TYR-MRF-1856515,MRF ZVTS 185/65 R15 Tubeless,9,5100
TYR-MRF-2056515,MRF ZVTV 205/65 R15 Tubeless,7,5800
TYR-APO-1756514,Apollo Alnac 4G 175/65 R14,15,3900
TYR-APO-1956515,Apollo Amazer XP 195/65 R15,8,5600
TYR-APO-2055516,Apollo Aspire 4G 205/55 R16,6,7200
TYR-BST-1756514,Bridgestone B250 175/65 R14,10,4800
TYR-BST-2055516,Bridgestone Turanza T005 205/55 R16,5,8900
TYR-BST-2255517,Bridgestone Potenza S001 225/55 R17,3,12500
TYR-CTN-1756514,CEAT Milaze X3 175/65 R14,18,3600
TYR-CTN-1856515,CEAT SecuraDrive 185/65 R15,11,4700
TYR-CTN-2155516,CEAT SportDrive 215/55 R16,4,6800
TYR-GDY-1956515,Goodyear Assurance TripleMax 2 195/65 R15,6,6100
TYR-GDY-2055516,Goodyear EfficientGrip 205/55 R16,5,9200
TYR-GDY-2256517,Goodyear Eagle F1 225/65 R17,2,14500
TYR-FKN-1756514,Falken Sincera SN832 175/65 R14,14,3800
TYR-FKN-2055516,Falken ZE310R Ecorun 205/55 R16,7,7500
TYR-TVS-1556514,TVS Eurogrip Bee Connect 155/65 R14,20,2900
TYR-TVS-1856515,TVS Eurogrip Remora 185/65 R15,13,4100
TYR-YKH-2055516,Yokohama BluEarth GT AE51 205/55 R16,4,9800
TYR-YKH-2256517,Yokohama ADVAN Sport V105 225/65 R17,2,16200
TYR-MXS-2154517,Michelin Primacy 4 215/45 R17,3,11800
TYR-MXS-2055516,Michelin Energy XM2 205/55 R16,6,10200
TYR-JNL-1656514,JK Tyre Vectra 165/65 R14,16,3200
TYR-JNL-1956515,JK Tyre UX Royale 195/65 R15,9,4900
